{"model": "ARIMA", "metrics": {"MAE": 194.80078905587789, "MSE": 72705.75926343458, "RMSE": 269.6400550056215, "R2": -0.6829561039566443, "MAPE": 9.91563421456072}}