{"model": "LSTM", "metrics": {"MAE": 79.12937709263393, "MSE": 15692.828868068826, "RMSE": 125.2710216613117, "R2": 0.6317946466221875, "MAPE": 11.155538319278829}}