{"model": "PROPHET", "metrics": {"MAE": 665.5036699419211, "MSE": 543887.9865014878, "RMSE": 737.4876178631664, "R2": -11.589643736953771, "MAPE": 37.93939325551011}}