{"changepoint_prior_scale": 0.0089317826434469, "seasonality_prior_scale": 0.013731629871358803, "holidays_prior_scale": 0.0342439807941808}